Statistic,Value
R-squared,0.24626888304889472
Adj. R-squared,0.24406713684553216
F-statistic,23.832260356527456
Prob (F-statistic),3.4256661436652195e-52
No. Observations,4121.0
