Period,Count,Mean CAR,Std Dev
Non-COVID,3794,0.003564730515679401,0.05070509303729773
COVID,327,-0.0020352808837905433,0.05173850143154572
